{"cameraMode":{"drawMode":0,"name":"Shaded","section":"Shading Mode"},"sceneLighting":true,"audioPlay":false,"sceneViewState":{"m_AlwaysRefresh":false,"showFog":true,"showSkybox":true,"showFlares":true,"showImageEffects":true,"showParticleSystems":true,"showVisualEffectGraphs":true,"m_FxEnabled":true},"in2DMode":false,"pivot":{"x":53.60044860839844,"y":-3994.889892578125,"z":127.4484634399414},"rotation":{"x":0.6973047852516174,"y":0.0006422811420634389,"z":-0.0005825760890729725,"w":0.7170038223266602},"size":2040.8946533203125,"orthographic":false}