{"cameraMode":{"drawMode":0,"name":"Shaded","section":"Shading Mode"},"sceneLighting":true,"audioPlay":false,"sceneViewState":{"m_AlwaysRefresh":false,"showFog":true,"showSkybox":true,"showFlares":true,"showImageEffects":true,"showParticleSystems":true,"showVisualEffectGraphs":true,"m_FxEnabled":true},"in2DMode":false,"pivot":{"x":41.263614654541019,"y":-1.6129112243652344,"z":18.179508209228517},"rotation":{"x":-0.38463297486305239,"y":-0.0008331949356943369,"z":0.0003470844530966133,"w":-0.9230714440345764},"size":26.852005004882814,"orthographic":false}