{"cameraMode":{"drawMode":0,"name":"Shaded","section":"Shading Mode"},"sceneLighting":true,"audioPlay":false,"sceneViewState":{"m_AlwaysRefresh":false,"showFog":true,"showSkybox":true,"showFlares":true,"showImageEffects":true,"showParticleSystems":true,"showVisualEffectGraphs":true,"m_FxEnabled":true},"in2DMode":false,"pivot":{"x":307.1676025390625,"y":-3571.680908203125,"z":1291.7911376953125},"rotation":{"x":0.5707966089248657,"y":0.08286941051483154,"z":-0.058111485093832019,"w":0.8150107264518738},"size":1958.1043701171875,"orthographic":false}