{"cameraMode":{"drawMode":0,"name":"Shaded","section":"Shading Mode"},"sceneLighting":true,"audioPlay":false,"sceneViewState":{"m_AlwaysRefresh":false,"showFog":true,"showSkybox":true,"showFlares":true,"showImageEffects":true,"showParticleSystems":true,"showVisualEffectGraphs":true,"m_FxEnabled":true},"in2DMode":false,"pivot":{"x":14.616016387939454,"y":-89.06926727294922,"z":121.16062927246094},"rotation":{"x":0.3243866264820099,"y":0.002118517179042101,"z":-0.00044416540185920894,"w":0.9460769295692444},"size":97.71778869628906,"orthographic":false}